,Feature Number,X Disp,Y Disp,X Abs,Y Abs
0,0,50.17905235290527,29.505538940429688,2015.8068466186523,1146.0539245605469
1,1,50.52992820739746,29.101600646972656,2259.044351577759,1216.8792343139648
2,2,50.556063652038574,28.78887176513672,2096.3192796707153,1134.9264907836914
3,3,52.608304023742676,28.19122314453125,2266.578755378723,1147.3603057861328
4,4,51.08174800872803,29.26586151123047,2298.5284280776978,1227.101173400879
5,5,52.04306602478027,29.302291870117188,2290.708808898926,1201.0301208496094
6,6,54.62428092956543,29.201068878173828,2243.7680053710938,1108.0384254455566
7,7,53.72809410095215,20.000438690185547,2109.22878742218,897.1978569030762
8,8,56.27646446228027,29.378528594970703,2286.400737762451,1104.2439460754395
9,9,57.0853328704834,29.457664489746094,2338.7266731262207,1117.1945571899414
10,10,60.4213285446167,28.21014404296875,2442.9567861557007,1062.045021057129
11,11,50.11732578277588,29.61212158203125,2005.6058263778687,1139.8930358886719
12,12,50.07342338562012,29.641151428222656,1986.5728569030762,1128.2512283325195
13,13,49.97321605682373,29.677886962890625,1964.9236822128296,1118.7326049804688
14,14,49.76334571838379,29.65087890625,1968.5826015472412,1117.1663665771484
15,15,49.68491077423096,30.095252990722656,1971.2268018722534,1128.514518737793
16,16,49.5463228225708,30.482330322265625,1965.854516029358,1138.4098815917969
17,17,49.315810203552246,30.642127990722656,1947.4072122573853,1140.6318283081055
18,18,47.85458564758301,31.28101348876953,1844.7772979736328,1105.4650497436523
19,19,50.40560245513916,29.035720825195312,2202.1697187423706,1191.0570526123047
20,20,50.127153396606445,27.775650024414062,2161.4093112945557,1138.021469116211
21,21,56.29005432128906,12.030925750732422,1981.9914293289185,828.4285163879395
22,22,54.00956153869629,22.05657958984375,2100.921678543091,909.4915008544922
23,23,53.706936836242676,21.11764907836914,2097.9740953445435,900.8402824401855
24,24,53.437557220458984,20.005512237548828,2090.133833885193,896.5178108215332
25,25,53.1727409362793,18.665733337402344,2072.436532974243,878.0504989624023
26,26,54.33358669281006,22.59876251220703,2110.3858137130737,920.5966567993164
27,27,54.887123107910156,23.3575439453125,2225.237488746643,972.924690246582
28,28,54.82712745666504,24.706954956054688,2221.2943840026855,983.8890838623047
29,29,54.73902225494385,21.327781677246094,2206.313238143921,951.1529541015625
30,30,54.42303657531738,19.631614685058594,2171.3047313690186,925.3194046020508
31,31,52.56731986999512,16.548900604248047,2029.6762990951538,858.0837059020996
32,32,45.4553747177124,25.475997924804688,1730.3886365890503,989.1159820556641
33,33,53.69349002838135,20.463790893554688,2103.2526111602783,901.0690689086914
34,34,52.84950256347656,11.297473907470703,1829.9579000473022,814.0041160583496
35,35,52.87510871887207,14.537029266357422,2004.3519258499146,832.0501518249512
36,36,50.63840389251709,21.59259796142578,2046.931357383728,960.7917404174805
37,37,49.995760917663574,28.06079864501953,2028.6408376693726,1129.1067123413086
38,38,49.738783836364746,28.440399169921875,1987.7708959579468,1109.1268920898438
39,39,49.58580493927002,26.90502166748047,1992.6234769821167,1094.3223190307617
40,40,49.344635009765625,25.94318389892578,1946.632890701294,1065.4177474975586
41,41,49.47395324707031,27.291526794433594,1958.910026550293,1083.6819076538086
42,42,49.29037570953369,26.308517456054688,1924.679675102234,1060.1715087890625
43,43,47.38464832305908,23.706207275390625,1826.7374753952026,987.91748046875
44,44,50.26718616485596,28.031578063964844,2263.953709602356,1196.6685104370117
45,45,50.823941230773926,28.100204467773438,2301.992211341858,1203.0858612060547
46,46,54.567975997924805,15.745849609375,2194.1819858551025,892.6260757446289
47,47,52.79384136199951,24.231109619140625,2107.8553533554077,981.844596862793
48,48,50.26381015777588,24.419326782226562,2130.3327798843384,1063.8407897949219
49,49,50.658087730407715,24.177474975585938,2120.601496696472,1044.1162872314453
50,50,50.179452896118164,17.226791381835938,1976.1894464492798,897.8580474853516
51,51,51.74380302429199,28.138504028320312,2288.8900566101074,1178.574104309082
52,52,55.49139976501465,20.64655303955078,2335.689868927002,979.3922805786133
53,53,55.14229774475098,18.012161254882812,2280.4134464263916,936.8289566040039
54,54,57.467007637023926,14.366378784179688,2147.84969329834,829.8298645019531
55,55,55.93897819519043,26.53087615966797,2311.949529647827,1067.8061294555664
56,56,54.923014640808105,25.166950225830078,2195.221953392029,979.7890281677246
57,57,47.67067909240723,22.313499450683594,1848.7577819824219,976.502799987793
58,58,47.657103538513184,12.283287048339844,1403.976058959961,706.6434097290039
59,59,50.14358997344971,25.541648864746094,2105.106568336487,1079.6670150756836
60,60,50.17621994018555,26.65393829345703,2107.291088104248,1094.1269302368164
61,61,49.03391361236572,24.593162536621094,1868.6747217178345,1021.8274307250977
62,62,49.023399353027344,24.816246032714844,1871.321439743042,1027.2327041625977
63,63,55.64618110656738,16.58100128173828,2280.7939624786377,918.6274719238281
64,64,50.12218952178955,24.209365844726562,2081.030945777893,1037.5421905517578
65,65,55.6463098526001,23.49945068359375,2350.1621532440186,1021.0682678222656
66,66,56.28633499145508,22.81810760498047,2393.435854911804,1026.4762496948242
67,67,59.122281074523926,20.983219146728516,2410.0601148605347,934.4014549255371
68,68,56.49008274078369,15.856094360351562,2224.125967025757,869.2425537109375
69,69,57.641258239746094,22.10214614868164,2416.0359621047974,986.3149070739746
70,70,54.95987892150879,14.501380920410156,2168.1713104248047,867.6074600219727
71,71,55.49835205078125,13.392448425292969,2076.816372871399,832.6833343505859
72,72,49.86013412475586,28.335647583007812,2013.061637878418,1119.614486694336
73,73,49.51659679412842,27.170333862304688,1979.422402381897,1089.0612030029297
74,74,49.331374168395996,26.17595672607422,1938.61168384552,1062.866554260254
75,75,50.14660835266113,25.849952697753906,2092.266798019409,1076.6200637817383
76,76,49.04003620147705,24.727821350097656,1870.3354024887085,1024.603614807129
77,77,49.15107250213623,25.25745391845703,1893.9386701583862,1039.161720275879
78,78,49.019479751586914,24.991111755371094,1872.5244140625,1030.4904556274414
79,79,50.08267879486084,26.364402770996094,2180.716710090637,1130.5439376831055
80,80,49.25313949584961,26.406211853027344,1909.134750366211,1058.301887512207
81,81,49.403672218322754,27.413368225097656,1942.1279668807983,1080.871925354004
82,82,49.632110595703125,28.537940979003906,1963.8467502593994,1103.227653503418
83,83,47.22769260406494,29.498748779296875,1841.7951822280884,1077.0230102539062
84,84,48.91937255859375,29.14764404296875,1954.5885944366455,1117.9176330566406
85,85,49.18019771575928,29.047164916992188,1970.6931638717651,1116.4698791503906
86,86,49.319443702697754,28.766822814941406,1972.086968421936,1109.274559020996
87,87,49.480834007263184,28.383331298828125,1964.9039697647095,1101.2736511230469
88,88,49.24651622772217,26.199073791503906,1912.3953580856323,1058.7591934204102
89,89,49.19450283050537,26.161231994628906,1919.4696950912476,1058.6833572387695
90,90,49.14942741394043,26.044998168945312,1921.523838043213,1058.4178161621094
91,91,49.066057205200195,25.92449188232422,1918.672456741333,1056.209831237793
92,92,48.5648775100708,23.476181030273438,1973.9334726333618,1010.9224700927734
93,93,50.308828353881836,10.443878173828125,1527.6804542541504,756.7713928222656
94,94,50.41603088378906,29.003372192382812,2147.486057281494,1164.2076110839844
95,95,49.16619300842285,25.5499267578125,1881.6697883605957,1042.6946258544922
96,96,49.136338233947754,25.437088012695312,1890.7000207901,1042.3854064941406
97,97,50.04472732543945,26.933326721191406,2096.875162124634,1096.7287063598633
98,98,50.004544258117676,24.58698272705078,2043.5938024520874,1029.1665267944336
99,99,50.081448554992676,26.800079345703125,2103.097643852234,1095.718002319336
100,100,52.27526664733887,22.69561767578125,2078.7916946411133,950.9186172485352
101,101,51.407461166381836,20.591506958007812,2060.059747695923,932.8944396972656
102,102,50.45032024383545,23.85875701904297,2081.5753412246704,1022.2649002075195
103,103,58.4725284576416,17.30764389038086,2294.239640235901,865.8797264099121
104,104,57.28879451751709,18.653011322021484,2338.617854118347,925.0129890441895
105,105,56.07107162475586,19.54916000366211,2361.650447845459,972.1917915344238
106,106,47.162532806396484,25.176544189453125,1832.6414680480957,1013.4462738037109
107,107,56.786441802978516,26.313438415527344,2378.312473297119,1080.2347564697266
108,108,58.185081481933594,25.224647521972656,2429.636549949646,1035.977554321289
109,109,59.77708339691162,24.49176788330078,2456.398730278015,990.5216598510742
110,110,53.25782775878906,19.02606964111328,2075.9317445755005,885.3388595581055
111,111,51.944546699523926,14.327430725097656,1978.0661344528198,837.4195861816406
112,112,54.49280261993408,22.911529541015625,2125.7248163223267,930.4702758789062
113,113,53.81276607513428,16.83523178100586,2116.526141166687,878.6939430236816
114,114,53.31451892852783,25.447540283203125,2143.9393186569214,1013.1664657592773
115,115,50.38857936859131,25.499114990234375,2196.30699634552,1113.119125366211
116,116,51.39996528625488,13.096504211425781,1890.3700160980225,819.0496826171875
117,117,51.49276256561279,15.409698486328125,2003.7735271453857,863.2516860961914
118,118,51.3314151763916,17.482337951660156,2041.531662940979,895.2653884887695
119,119,51.884765625,20.3753662109375,2067.455949783325,914.2990112304688
120,120,52.624125480651855,22.26665496826172,2081.224579811096,928.9419174194336
121,121,53.18213939666748,23.73485565185547,2101.770329475403,956.359748840332
122,122,54.2691707611084,27.942256927490234,2234.697217941284,1083.1704902648926
123,123,50.074167251586914,13.376693725585938,1827.7464437484741,813.5341644287109
124,124,53.79971981048584,15.159797668457031,2092.8405046463013,858.6275863647461
125,125,50.198936462402344,28.38512420654297,2209.336938858032,1179.3471908569336
126,126,51.96817874908447,24.37572479248047,2105.815644264221,1005.6693649291992
127,127,53.18458557128906,10.046882629394531,1701.9751739501953,799.7523880004883
128,128,53.69231700897217,25.02460479736328,2130.652413368225,988.1078338623047
129,129,50.59822082519531,23.43719482421875,2046.6969108581543,997.2421264648438
130,130,53.290700912475586,18.323516845703125,2086.7823028564453,876.5158081054688
131,131,50.91982841491699,25.278663635253906,2179.45481300354,1088.1184768676758
132,132,49.012370109558105,11.10015869140625,1456.8662309646606,732.8340148925781
133,133,54.458656311035156,23.105392456054688,2129.8471355438232,932.9885101318359
134,134,51.39577388763428,26.77886962890625,2246.53537273407,1138.5233306884766
135,135,46.27308368682861,16.86492919921875,1563.5686254501343,806.9635772705078
136,136,45.67202568054199,16.496963500976562,1430.9258365631104,743.5331726074219
137,137,50.075740814208984,11.554718017578125,1653.0776166915894,790.5123901367188
138,138,46.97587966918945,14.567070007324219,1523.973126411438,754.7206497192383
139,139,54.29217338562012,12.167186737060547,1949.0375661849976,824.4207191467285
140,140,44.683756828308105,25.22411346435547,1671.6760396957397,974.9180221557617
141,141,50.26296615600586,28.52935791015625,2155.3392219543457,1154.925765991211
142,142,51.45383834838867,23.126678466796875,2066.7542552948,975.1902008056641
143,143,52.77714729309082,12.92694091796875,1944.4112491607666,815.7259750366211
144,144,53.982510566711426,20.3125,2121.2956380844116,901.5473175048828
145,145,54.17600154876709,21.104354858398438,2124.5157194137573,905.3668212890625
146,146,49.06757354736328,25.11791229248047,1888.888349533081,1035.4453659057617
147,147,48.97041320800781,13.731307983398438,1734.2826461791992,797.9911041259766
148,148,44.41892623901367,28.33953857421875,1625.1323318481445,1001.8778228759766
149,149,44.46726322174072,22.427711486816406,1539.9938535690308,883.5556411743164
150,150,44.881510734558105,19.592361450195312,1488.0486631393433,818.9524841308594
151,151,58.80480766296387,28.489665985107422,2404.905023574829,1086.4650535583496
152,152,45.26540279388428,31.326942443847656,1632.486720085144,1050.8952713012695
153,153,54.33457374572754,21.81802749633789,2124.182424545288,909.8530006408691
154,154,54.530653953552246,22.27611541748047,2124.770121574402,914.4999313354492
155,155,54.49587821960449,22.529678344726562,2127.3865127563477,920.652961730957
156,156,53.973097801208496,13.745841979980469,2047.562985420227,828.2705688476562
157,157,54.644150733947754,27.61638641357422,2149.920287132263,1003.3771133422852
158,158,54.41267967224121,29.929542541503906,2157.3527240753174,1046.952018737793
159,159,54.612793922424316,30.01211166381836,2161.489520072937,1057.0798301696777
160,160,54.772067070007324,27.93048858642578,2151.8401193618774,1029.3439865112305
161,161,54.60310935974121,25.056476593017578,2137.0668411254883,982.7454566955566
162,162,54.92607593536377,10.76944351196289,1838.064980506897,820.9817695617676
163,163,53.893489837646484,19.9774169921875,2115.7845640182495,898.8382339477539
164,164,50.37923812866211,28.82537841796875,2060.3332328796387,1130.2813720703125
165,165,49.08383846282959,24.635887145996094,2014.2236280441284,1036.1883163452148
166,166,50.14449119567871,25.61748504638672,2129.9248695373535,1094.5398330688477
167,167,49.89217758178711,27.13001251220703,2066.8460655212402,1100.153694152832
168,168,55.56869029998779,29.276695251464844,2239.1847467422485,1084.0065002441406
169,169,45.51727294921875,19.616966247558594,1593.4420108795166,862.5165939331055
170,170,45.01964092254639,22.22858428955078,1627.8548097610474,914.742546081543
171,171,44.80414867401123,28.22673797607422,1705.2940893173218,1026.953468322754
172,172,46.57329082489014,14.16351318359375,1398.4998178482056,699.1035461425781
173,173,54.53041076660156,24.639911651611328,2139.1401386260986,953.6464500427246
174,174,52.982683181762695,26.86168670654297,2209.996461868286,1082.6720809936523
175,175,45.60762405395508,31.34387969970703,1708.6799240112305,1078.4305953979492
176,176,44.250569343566895,25.394210815429688,1592.8658723831177,948.8761138916016
177,177,48.89293670654297,12.059249877929688,1568.8618612289429,768.4578704833984
178,178,49.30705547332764,27.18608856201172,1943.1425142288208,1081.136360168457
179,179,49.18879508972168,27.31525421142578,1952.6083087921143,1084.5363235473633
180,180,49.065842628479004,27.35218048095703,1953.0466032028198,1085.6290817260742
181,181,48.86545658111572,27.290115356445312,1945.3633546829224,1086.3700866699219
182,182,47.02198505401611,27.188339233398438,1839.1578340530396,1044.3948364257812
183,183,49.220852851867676,25.485458374023438,1892.9569387435913,1041.3418579101562
184,184,49.19973850250244,25.34423828125,1900.4680967330933,1041.1894989013672
185,185,49.19692039489746,25.186614990234375,1903.354196548462,1040.4286193847656
186,186,48.11652660369873,22.592086791992188,1919.1588735580444,992.5531768798828
187,187,48.80558967590332,16.03473663330078,1834.0686893463135,856.3366317749023
188,188,53.79172325134277,26.717147827148438,2191.5882682800293,1049.7892379760742
189,189,55.05190372467041,25.400676727294922,2181.2523794174194,992.4201011657715
190,190,54.879140853881836,24.501781463623047,2161.028938293457,961.6475868225098
191,191,49.1942024230957,25.640106201171875,1882.9127025604248,1042.2337341308594
192,192,47.715396881103516,15.722579956054688,1676.8115615844727,816.0746002197266
193,193,55.38094997406006,27.619171142578125,2219.0270376205444,1048.2915115356445
194,194,46.21377468109131,26.121063232421875,1775.3225755691528,1007.6138305664062
195,195,52.90915489196777,29.294815063476562,2270.8480167388916,1168.4550857543945
196,196,53.394126892089844,28.077011108398438,2251.143636703491,1116.2146759033203
197,197,53.72141361236572,29.2559814453125,2256.665997505188,1138.2761764526367
198,198,51.71607971191406,25.579757690429688,2161.9353675842285,1065.2934265136719
199,199,46.20828151702881,31.174392700195312,1765.352282524109,1088.0474853515625
200,200,47.03224182128906,31.175384521484375,1805.5704975128174,1093.8267517089844
201,201,46.40510559082031,28.850746154785156,1798.3282470703125,1054.3330001831055
202,202,46.8568754196167,22.00847625732422,1774.6885442733765,948.3982467651367
203,203,49.87807273864746,22.50049591064453,2013.8956260681152,975.8029556274414
204,204,46.39035701751709,23.888206481933594,1763.610692024231,972.9572677612305
205,205,49.55660820007324,19.544029235839844,1994.5775985717773,940.2896499633789
206,206,49.080448150634766,21.550140380859375,1983.6191368103027,969.5255279541016
207,207,48.56462001800537,18.39752197265625,1889.0131616592407,909.2161560058594
208,208,45.50276756286621,28.348770141601562,1760.236930847168,1040.437240600586
209,209,51.326894760131836,24.408912658691406,2105.3409576416016,1024.3084335327148
210,210,46.23918056488037,20.46001434326172,1695.5750799179077,907.0319747924805
211,211,45.699520111083984,22.923240661621094,1707.5781154632568,946.414909362793
212,212,47.4129581451416,20.536231994628906,1807.9913520812988,935.8099746704102
213,213,48.16553592681885,14.122657775878906,1655.092134475708,784.1704177856445
214,214,47.2300386428833,18.156585693359375,1725.37043094635,875.2878570556641
215,215,47.86633014678955,12.860069274902344,1516.8801641464233,748.9155197143555
216,216,48.25657367706299,20.69538116455078,1915.479712486267,953.9870071411133
217,217,52.483906745910645,25.610084533691406,2154.8080015182495,1042.9226303100586
218,218,50.10366439819336,25.952720642089844,2192.5465393066406,1128.1452560424805
219,219,50.09865760803223,24.904518127441406,2130.7007217407227,1079.509162902832
220,220,50.58926582336426,26.746864318847656,2259.891586303711,1162.3231887817383
221,221,55.18117904663086,25.144786834716797,2233.262758255005,1006.4234352111816
222,222,55.11862277984619,23.61034393310547,2272.199864387512,996.5541458129883
223,223,55.086965560913086,21.65912628173828,2276.0618448257446,974.7717666625977
224,224,54.83725547790527,19.591617584228516,2246.7707777023315,946.1745262145996
225,225,54.38467025756836,17.821369171142578,2189.457678794861,911.9408226013184
226,226,53.061161041259766,16.363868713378906,2051.031732559204,854.5869445800781
227,227,51.3394832611084,11.287574768066406,1741.0952138900757,807.2932434082031
228,228,52.37485885620117,17.457141876220703,2041.5309476852417,873.4609031677246
229,229,52.395315170288086,18.875083923339844,2062.756862640381,893.1809234619141
230,230,52.77259826660156,20.69873809814453,2077.3438453674316,902.675895690918
231,231,53.316192626953125,22.216835021972656,2086.885929107666,916.1087417602539
232,232,53.81577014923096,23.189125061035156,2100.184235572815,933.6065673828125
233,233,54.10780906677246,24.048385620117188,2117.153205871582,955.999641418457
234,234,51.6546106338501,10.059165954589844,1606.2133884429932,776.0666656494141
235,235,50.0595760345459,24.85309600830078,2094.91925239563,1060.0730514526367
236,236,52.218217849731445,26.965980529785156,2225.3352069854736,1111.2506866455078
237,237,50.11641025543213,27.002105712890625,2244.0976667404175,1168.3194732666016
238,238,50.0377893447876,27.601318359375,2196.453366279602,1155.1695251464844
239,239,50.07338047027588,26.92413330078125,2205.7876539230347,1149.9742889404297
240,240,50.0330114364624,25.202560424804688,2070.7182455062866,1053.57666015625
241,241,50.09662628173828,27.900161743164062,2206.5606594085693,1167.7981567382812
242,242,50.18660545349121,28.08147430419922,2159.485330581665,1144.9019241333008
243,243,54.59751605987549,23.46689224243164,2136.954016685486,944.2112159729004
244,244,54.4942045211792,24.98088836669922,2141.9841814041138,978.8549041748047
245,245,54.337778091430664,26.203842163085938,2163.46209526062,1014.4231033325195
246,246,54.12816524505615,22.714157104492188,2122.599263191223,940.3849792480469
247,247,53.86852741241455,18.461837768554688,2128.0769062042236,896.2838363647461
248,248,53.142428398132324,30.123214721679688,2242.3099851608276,1173.196029663086
249,249,56.75219535827637,35.84678649902344,1955.6410789489746,1098.5434341430664
250,250,51.08678340911865,29.95983123779297,2117.806763648987,1168.1294631958008
251,251,62.38863945007324,37.548980712890625,1849.180383682251,1157.748680114746
252,252,55.74774742126465,31.45111083984375,1991.8461227416992,1022.6605606079102
253,253,55.88147163391113,32.81578063964844,1972.5628852844238,1043.3033752441406
254,254,56.21792793273926,34.06658172607422,1948.94868850708,1065.370101928711
255,255,57.269582748413086,35.88783264160156,1917.9536533355713,1096.1380004882812
256,256,55.78299522399902,30.046424865722656,2015.1434898376465,1010.3929901123047
257,257,58.163394927978516,36.267242431640625,2062.112159729004,1151.8842315673828
258,258,58.01055908203125,34.861602783203125,2077.736749649048,1132.216682434082
259,259,58.33714485168457,36.7982292175293,2030.522804260254,1160.898838043213
260,260,58.416595458984375,36.8266487121582,1996.7318630218506,1154.19828414917
261,261,57.73158073425293,36.256752014160156,1862.6843547821045,1104.4987487792969
262,262,47.95454978942871,34.074668884277344,1659.8119640350342,1094.392967224121
263,263,57.1127986907959,37.156105041503906,1946.1854267120361,1126.5688705444336
264,264,60.132150650024414,38.296775817871094,1713.2404232025146,1125.7718658447266
265,265,59.04828071594238,37.04021453857422,1823.6820316314697,1129.1039276123047
266,266,53.72365951538086,33.16764831542969,1927.317180633545,1104.3331146240234
267,267,50.48206329345703,30.192794799804688,1988.2680702209473,1151.0701751708984
268,268,50.26366710662842,30.321731567382812,1952.340989112854,1128.4066772460938
269,269,50.50389289855957,30.75817108154297,1925.2056312561035,1129.9663925170898
270,270,50.47711372375488,31.2249755859375,1868.5505390167236,1110.7938385009766
271,271,50.316739082336426,30.722885131835938,1901.0919427871704,1117.0065307617188
272,272,50.40099620819092,31.108016967773438,1856.8023347854614,1105.3023529052734
273,273,50.254669189453125,33.370361328125,1735.4714012145996,1092.7286529541016
274,274,50.90980052947998,29.9169921875,2228.414225578308,1222.5811767578125
275,275,51.503047943115234,30.27862548828125,2262.6938152313232,1233.0565643310547
276,276,60.845890045166016,35.95705032348633,1981.5369701385498,1177.1524620056152
277,277,54.570579528808594,30.949974060058594,2035.3599643707275,1070.3431701660156
278,278,52.32931137084961,31.170730590820312,2054.6493816375732,1148.7455749511719
279,279,52.75912284851074,31.037330627441406,2047.725191116333,1131.2990188598633
280,280,54.9715518951416,36.23382568359375,1815.906057357788,1116.6866302490234
281,281,52.34461784362793,30.157470703125,2257.9661750793457,1205.9246063232422
282,282,60.21492004394531,34.767723083496094,2132.8732681274414,1180.7976531982422
283,283,60.727500915527344,35.585289001464844,2062.3109436035156,1191.4038848876953
284,284,62.79167175292969,37.23569869995117,1960.3151893615723,1197.801113128662
285,285,57.44894027709961,30.891704559326172,2241.622610092163,1126.2704277038574
286,286,57.44153022766113,32.88129806518555,2078.669557571411,1095.7314491271973
287,287,50.92609405517578,33.7359619140625,1744.3640613555908,1097.928466796875
288,288,53.425798416137695,36.908836364746094,1401.917953491211,985.217399597168
289,289,51.73886775970459,30.549240112304688,2049.225068092346,1141.5081787109375
290,290,51.444640159606934,30.056724548339844,2060.8071184158325,1139.206428527832
291,291,50.39973735809326,31.89807891845703,1776.8820905685425,1084.1911697387695
292,292,50.396060943603516,31.7767333984375,1783.4454345703125,1087.9572296142578
293,293,61.673784255981445,35.284996032714844,2054.7331523895264,1193.618392944336
294,294,52.164273262023926,30.9820556640625,2013.3689260482788,1123.8378143310547
295,295,59.10824775695801,33.492393493652344,2191.8019008636475,1160.2056884765625
296,296,59.78090286254883,33.1219482421875,2226.6650390625,1167.711410522461
297,297,61.965837478637695,34.212799072265625,2241.4364433288574,1175.4814529418945
298,298,61.98220252990723,36.828765869140625,2010.5049991607666,1203.075828552246
299,299,60.68243980407715,33.897438049316406,2251.0643577575684,1172.2673797607422
300,300,61.53267860412598,36.066741943359375,1956.9238471984863,1174.018669128418
301,301,61.77163124084473,37.160987854003906,1894.1468811035156,1173.7507629394531
302,302,50.34200191497803,30.336647033691406,1973.2934045791626,1141.2135696411133
303,303,50.39531707763672,30.756378173828125,1916.497278213501,1123.4264373779297
304,304,50.43102264404297,31.192970275878906,1864.4503498077393,1108.3403396606445
305,305,51.61318302154541,30.370941162109375,2042.4278783798218,1134.1555786132812
306,306,50.40733337402344,31.880416870117188,1780.9469890594482,1086.7723083496094
307,307,50.271034240722656,31.700782775878906,1805.934705734253,1098.2993698120117
308,308,50.37992477416992,31.73656463623047,1788.153419494629,1090.630226135254
309,309,51.65963172912598,30.54485321044922,2121.439046859741,1179.9934005737305
310,310,50.32221794128418,31.051979064941406,1845.6871032714844,1103.4264755249023
311,311,50.30276298522949,30.72559356689453,1888.3179473876953,1113.458366394043
312,312,50.164546966552734,30.314788818359375,1931.18803024292,1120.4191589355469
313,313,48.37735176086426,32.47657775878906,1816.7462825775146,1114.713363647461
314,314,49.730186462402344,31.595916748046875,1915.4778671264648,1146.5304565429688
315,315,49.89719867706299,31.345901489257812,1933.6799383163452,1143.3940887451172
316,316,49.959540367126465,30.89702606201172,1938.9450216293335,1133.4763717651367
317,317,49.957895278930664,30.302963256835938,1935.0666904449463,1121.3778686523438
318,318,50.10226249694824,31.067886352539062,1847.319631576538,1108.4331512451172
319,319,50.1895809173584,31.43688201904297,1847.6049900054932,1112.0710372924805
320,320,50.215744972229004,31.662063598632812,1838.9297533035278,1113.3052825927734
321,321,50.199923515319824,31.859512329101562,1827.509207725525,1113.9623260498047
322,322,51.27089023590088,32.43854522705078,1883.4390020370483,1120.7959365844727
323,323,57.52490043640137,37.77996063232422,1523.6311054229736,1023.1868362426758
324,324,50.147151947021484,31.36524200439453,1815.3568840026855,1099.644889831543
325,325,50.222110748291016,31.525955200195312,1812.7906608581543,1099.7356414794922
326,326,51.192870140075684,29.741859436035156,2059.4072771072388,1135.8893966674805
327,327,51.80049419403076,30.500106811523438,1986.0360288619995,1107.6856231689453
328,328,51.287198066711426,29.88433837890625,2059.233899116516,1138.2345581054688
329,329,54.60153579711914,31.891632080078125,1979.1186332702637,1068.8124084472656
330,330,54.77179527282715,33.8323974609375,1919.981346130371,1093.2105255126953
331,331,52.643494606018066,31.11797332763672,2008.6618566513062,1114.713020324707
332,332,62.582101821899414,36.22175216674805,2089.737968444824,1209.0509986877441
333,333,61.65982246398926,35.72725296020508,2126.386241912842,1202.830753326416
334,334,61.09354019165039,34.42878723144531,2145.7503032684326,1186.6251373291016
335,335,49.60859298706055,33.267860412597656,1755.9810733795166,1103.6847305297852
336,336,58.246493339538574,31.265125274658203,2296.8351888656616,1146.174373626709
337,337,59.64277267456055,31.542701721191406,2337.4754333496094,1135.3919982910156
338,338,61.19951248168945,31.60013198852539,2356.6015434265137,1122.732982635498
339,339,56.66994094848633,34.989662170410156,1927.1903800964355,1080.0114059448242
340,340,57.94919013977051,36.82563781738281,1798.4962177276611,1121.365737915039
341,341,55.993051528930664,29.24610137939453,2036.7182350158691,1007.9597473144531
342,342,59.15891647338867,36.509056091308594,1935.6739139556885,1139.8970413208008
343,343,54.67075824737549,30.548858642578125,2087.600769996643,1081.6672134399414
344,344,52.24677085876465,31.056785583496094,2124.2762088775635,1182.8143692016602
345,345,58.15403938293457,38.165855407714844,1726.1909008026123,1135.9241104125977
346,346,57.05340385437012,36.298789978027344,1828.2886219024658,1115.4434204101562
347,347,56.27695083618164,35.27015686035156,1875.0723552703857,1103.5211563110352
348,348,55.59994697570801,33.36986541748047,1930.887680053711,1072.6049423217773
349,349,55.27748107910156,31.69921875,1978.0595970153809,1050.3215789794922
350,350,55.15970706939697,30.563926696777344,2024.8155641555786,1046.6536712646484
351,351,54.84128952026367,30.084457397460938,2205.97412109375,1111.437644958496
352,352,56.39239311218262,37.98076629638672,1679.7349548339844,1120.4855728149414
353,353,59.893856048583984,36.71001434326172,1898.175630569458,1150.3049850463867
354,354,50.67851543426514,29.54334259033203,2184.3964433670044,1195.7634353637695
355,355,53.882317543029785,30.788002014160156,2038.4752893447876,1088.7461471557617
356,356,60.63966751098633,37.86214828491211,1656.8436813354492,1078.7598991394043
357,357,55.169477462768555,29.98371124267578,2073.607749938965,1054.9563217163086
358,358,52.74716377258301,30.913009643554688,1972.8546810150146,1092.7019500732422
359,359,58.156843185424805,36.726341247558594,1925.1643466949463,1118.9602661132812
360,360,52.749266624450684,30.864601135253906,2112.7623796463013,1159.803581237793
361,361,55.57268142700195,37.42073059082031,1458.6151313781738,999.6640777587891
362,362,56.46839618682861,29.48741912841797,2033.183970451355,1013.267822265625
363,363,52.625112533569336,30.71300506591797,2193.7768363952637,1189.723777770996
364,364,50.52297592163086,36.08207702636719,1479.64937210083,1038.3229064941406
365,365,50.13562202453613,35.71735382080078,1379.604721069336,1000.5085372924805
366,366,57.063589096069336,38.27362060546875,1582.7737712860107,1085.6995391845703
367,367,51.79115295410156,36.80133819580078,1456.6728115081787,1035.0806045532227
368,368,61.02556228637695,37.77061462402344,1802.2676467895508,1147.689208984375
369,369,47.509918212890625,34.588661193847656,1595.1117324829102,1092.961540222168
370,370,50.663251876831055,29.43614959716797,2134.762601852417,1168.374900817871
371,371,53.765316009521484,31.63482666015625,1977.0141506195068,1084.2379760742188
372,372,59.53579902648926,37.425498962402344,1780.0533199310303,1131.780662536621
373,373,56.17881774902344,33.880672454833984,1981.1788845062256,1060.1474571228027
374,374,56.00363731384277,32.781829833984375,1996.477346420288,1041.905403137207
375,375,50.27808666229248,31.769752502441406,1795.1563024520874,1094.7289657592773
376,376,54.87419128417969,37.68932342529297,1616.2346935272217,1092.742805480957
377,377,46.221656799316406,33.408966064453125,1585.6945037841797,1073.4514617919922
378,378,48.097100257873535,34.75421905517578,1469.4107294082642,1045.1647567749023
379,379,48.960256576538086,35.10059356689453,1421.5404510498047,1023.1618118286133
380,380,56.04718208312988,31.590576171875,2007.2748470306396,1021.9771957397461
381,381,56.1811637878418,30.333290100097656,2019.336862564087,1007.7805709838867
382,382,56.408729553222656,29.497756958007812,2028.2068347930908,1003.4220123291016
383,383,60.53915977478027,37.056541442871094,1857.8184127807617,1151.4813232421875
384,384,56.173696517944336,35.056800842285156,2029.4370460510254,1123.8602828979492
385,385,56.03951454162598,39.10560607910156,2021.700839996338,1201.755485534668
386,386,55.63736915588379,41.162681579589844,2014.9274253845215,1238.6810302734375
387,387,55.46064376831055,41.04137420654297,1996.7778968811035,1228.3086776733398
388,388,55.8303165435791,39.66646194458008,1976.9011974334717,1193.032398223877
389,389,61.65844917297363,37.83571243286133,1751.1012554168701,1120.8776664733887
390,390,56.386728286743164,34.834232330322266,1967.414903640747,1078.8687324523926
391,391,51.14334583282471,31.386070251464844,1947.0443487167358,1125.3387069702148
392,392,51.78244113922119,30.62091827392578,2069.5886278152466,1154.9536514282227
393,393,50.71526527404785,29.880142211914062,2031.9964027404785,1139.3521118164062
394,394,49.47026252746582,35.52082061767578,1508.7549591064453,1051.1130142211914
395,395,48.50343704223633,34.99824523925781,1541.0496139526367,1071.1786651611328
396,396,46.49202346801758,33.36311340332031,1658.9497089385986,1097.3076629638672
397,397,51.56607627868652,36.33350372314453,1373.7901496887207,989.5882034301758
398,398,56.424336433410645,31.35845184326172,2034.63050365448,1052.1015167236328
399,399,53.9747428894043,30.47809600830078,2166.9203567504883,1130.7064819335938
400,400,47.17529296875,34.36180114746094,1525.4323196411133,1070.1329803466797
401,401,55.25439262390137,37.847023010253906,1517.7325344085693,1055.5527114868164
402,402,50.07070541381836,30.79334259033203,1892.1759510040283,1117.3161697387695
403,403,50.13148784637451,31.287078857421875,1893.2015562057495,1125.8434295654297
404,404,50.11815547943115,31.664390563964844,1887.1181058883667,1131.9880294799805
405,405,50.03100872039795,31.960182189941406,1873.0376958847046,1136.8363571166992
406,406,49.019622802734375,33.088531494140625,1784.0005016326904,1114.647445678711
407,407,50.33130168914795,31.428756713867188,1816.4315271377563,1094.4696807861328
408,408,50.40681838989258,31.477279663085938,1818.1101608276367,1093.9012145996094
409,409,50.426573753356934,31.56414031982422,1817.315182685852,1094.9186325073242
410,410,51.1563777923584,33.259315490722656,1811.978988647461,1111.217155456543
411,411,53.84190559387207,36.77726745605469,1697.419195175171,1099.756851196289
412,412,54.82020378112793,30.329322814941406,2148.7496280670166,1098.3343124389648
413,413,56.530208587646484,29.924697875976562,2109.730682373047,1053.3425903320312
414,414,56.62709712982178,30.37456512451172,2068.2530450820923,1045.5276107788086
415,415,50.262837409973145,31.310806274414062,1813.7711191177368,1095.0233459472656
416,416,52.34238624572754,36.649208068847656,1573.848066329956,1066.0036087036133
417,417,55.78977584838867,29.970970153808594,2184.073905944824,1083.9868927001953
418,418,48.41832160949707,33.39519500732422,1714.3636322021484,1095.0397872924805
419,419,53.95141124725342,30.150108337402344,2224.5844316482544,1143.8068389892578
420,420,53.30005645751953,30.62713623046875,2106.7951583862305,1129.8655700683594
421,421,47.61158466339111,32.61585235595703,1766.1923360824585,1104.372901916504
422,422,50.133419036865234,34.471282958984375,1673.4277439117432,1086.8148803710938
423,423,52.66350746154785,32.09674835205078,1920.1020812988281,1098.2830429077148
424,424,49.243226051330566,33.929100036621094,1681.2011003494263,1087.7485275268555
425,425,53.53995323181152,35.029754638671875,1846.1997985839844,1118.0968475341797
426,426,52.42504119873047,33.52317810058594,1865.2962398529053,1112.7792358398438
427,427,52.82750129699707,35.83271026611328,1750.4356670379639,1105.4083633422852
428,428,46.97200298309326,33.035736083984375,1718.6911725997925,1103.8568115234375
429,429,53.27104568481445,30.673980712890625,2042.0807933807373,1104.5386505126953
430,430,49.91337776184082,35.291404724121094,1596.8599319458008,1075.8249282836914
431,431,48.93110275268555,34.64488983154297,1614.1702938079834,1084.5900344848633
432,432,50.98929405212402,34.859352111816406,1695.087661743164,1092.5549697875977
433,433,53.569135665893555,37.30964660644531,1559.7005939483643,1068.6665344238281
434,434,51.2479305267334,35.91602325439453,1617.3218536376953,1075.522346496582
435,435,53.49051475524902,37.432899475097656,1470.404920578003,1037.8275680541992
436,436,51.86748504638672,34.435577392578125,1787.3640632629395,1107.559585571289
437,437,53.95192623138428,30.580368041992188,2101.6907930374146,1108.3921813964844
438,438,51.85704231262207,30.76984405517578,2126.341896057129,1185.751609802246
439,439,51.984829902648926,30.947608947753906,2059.537081718445,1154.2248916625977
440,440,51.92193031311035,30.746498107910156,2198.337335586548,1213.330955505371
441,441,57.58157730102539,31.4599609375,2133.23956489563,1095.1128005981445
442,442,58.53741645812988,33.806915283203125,2125.7280349731445,1137.1865844726562
443,443,58.99666786193848,35.263099670410156,2097.815752029419,1160.2806091308594
444,444,59.27681922912598,36.10851287841797,2052.754898071289,1171.4345169067383
445,445,59.41288948059082,36.36802673339844,1999.812240600586,1163.2768630981445
446,446,58.6695671081543,36.60409927368164,1879.9144649505615,1116.7288780212402
447,447,58.73940467834473,38.46630096435547,1646.5126132965088,1110.0813674926758
448,448,57.050743103027344,35.771827697753906,1881.1992359161377,1097.8911209106445
449,449,56.469125747680664,34.68925476074219,1910.1020622253418,1082.669448852539
450,450,55.900468826293945,33.145751953125,1946.1688899993896,1056.6981506347656
451,451,55.60712814331055,31.55506134033203,1981.649980545044,1033.7836456298828
452,452,55.52391529083252,30.21930694580078,2016.4154863357544,1023.2532501220703
453,453,55.55123805999756,29.505348205566406,2048.5002851486206,1026.5428924560547
454,454,59.26262855529785,37.87384033203125,1589.9132537841797,1045.1737594604492
455,455,51.90874099731445,30.79132080078125,2031.0276889801025,1134.5297241210938
456,456,53.26579570770264,30.55339813232422,2183.295750617981,1158.538475036621
457,457,51.42271041870117,30.44055938720703,2186.5713500976562,1211.179542541504
458,458,51.12992763519287,30.0262451171875,2147.90011882782,1186.5938568115234
459,459,51.44263744354248,30.33477783203125,2149.008650779724,1191.7536926269531
460,460,51.68060302734375,30.504913330078125,2014.6561431884766,1122.6263427734375
461,461,50.92108726501465,29.833412170410156,2166.3181114196777,1194.041633605957
462,462,50.871005058288574,29.74658966064453,2123.825354576111,1169.186668395996
463,463,56.227827072143555,28.98153305053711,2051.9520950317383,1013.4027290344238
464,464,55.782766342163086,29.22840118408203,2083.064317703247,1035.1506042480469
465,465,55.385026931762695,29.71515655517578,2118.8739109039307,1064.0451431274414
466,466,56.46655082702637,38.42733383178711,1960.3790187835693,1160.3819847106934
467,467,58.52313995361328,36.754112243652344,1958.0627059936523,1138.7210845947266
468,468,54.070401191711426,25.641250610351562,2128.096389770508,979.3191528320312
469,469,53.891472816467285,26.480865478515625,2129.980673789978,987.4504470825195
470,470,54.543514251708984,26.41632080078125,2149.920358657837,991.4938354492188
471,471,54.401235580444336,24.638290405273438,2120.4163026809692,967.2196960449219
472,472,53.64274978637695,24.598636627197266,2103.496856689453,962.122631072998
473,473,56.05238914489746,36.71783447265625,1989.8679828643799,1133.9544677734375
474,474,55.902442932128906,37.855281829833984,1983.6908626556396,1150.0043296813965
475,475,56.67400360107422,37.38035202026367,2009.9796295166016,1151.6055488586426
476,476,56.2306022644043,35.37406921386719,1993.6942291259766,1113.3589935302734
477,477,55.47080039978027,35.68439483642578,1968.7934875488281,1110.4785537719727
